alg;func;bit;time
sha256;Hash value computing;256;3.24249267578125e-05
sha256;Hash value computing;256;4.887580871582031e-05
sha256;Hash value computing;256;2.4080276489257812e-05
sha256;Hash value computing;256;3.361701965332031e-05
sha256;Hash value computing;256;3.266334533691406e-05
sha256;Hash value computing;256;3.1948089599609375e-05
sha256;Hash value computing;256;3.123283386230469e-05
sha256;Hash value computing;256;2.9802322387695312e-05
